Table 320. Drug Use by Arrestees in Major U.S. Cities,,,,,,,,,
by Type of Drug and Sex: 2003,,,,,,,,,
,,,,,,,,,
[See notes],,,,,,,,,
,,,,,,,,,
,,,,,,,,,
,,       Male,,,,,      Female,,
City,,,,,,,,,
,  Any,  Mari-,Cocaine,Opiates,,  Any,  Mari-,Cocaine,Opiates
, drug /1,  juana,,,, drug /1,  juana,,
"Albuquerque, New Mexico",70.3,41.6,35,11.2,,70,29.4,38.1,13.8
"Anchorage, Alaska",66.6,52,25.4,7.4,,60.6,24.5,36.2,5.3
"Atlanta, Georgia",73.5,41.8,49.8,3,,(NA),(NA),(NA),(NA)
"Birmingham, Alabama",67.5,44.6,34.3,8.3,,76,40,36,12
"Chicago, Illinois",86,53.2,50.6,24.9,,66.7,38.9,33.3,22.2
"Cleveland, Ohio",74.9,48.9,39,5.4,,72.4,27.2,52.7,6.7
"Dallas, Texas",63.8,39.1,32.7,6.9,,(NA),(NA),(NA),(NA)
"Denver, Colorado",72.6,42.3,38.3,6.8,,75.1,34.3,52.5,6.1
"Des Moines, Iowa",71.3,48.7,12.1,2.8,,66.9,39.2,17.5,4.2
"Detroit, Michigan",(NA),(NA),(NA),(NA),,(NA),(NA),(NA),(NA)
"Fort Lauderdale, Florida",(NA),(NA),(NA),(NA),,(NA),(NA),(NA),(NA)
"Houston, Texas",61.9,47.5,22.6,5.7,,(NA),(NA),(NA),(NA)
"Indianapolis, Indiana",66.4,44.8,35.3,5.1,,79.9,42,55.7,5.7
"Laredo, Texas",(NA),(NA),(NA),(NA),,(NA),(NA),(NA),(NA)
"Las Vegas, Nevada",70,34.4,21.9,6.4,,(NA),(NA),(NA),(NA)
"Los Angeles, California",68.9,40.7,23.5,2,,63,29.6,25.9,0
"Miami, Florida",64.7,40.7,47.1,2.5,,(NA),(NA),(NA),(NA)
"Minneapolis, Minnesota",66.1,48.3,28.4,5.8,,64.5,34.2,40.8,6.6
"New Orleans, Louisana",79.6,50.8,47.6,14,,62.2,30.3,37.3,13.3
"New York, New York \2",72.7,43.1,35.7,15,,73.3,36.7,50,23.3
"Oklahoma City, Oklahoma",73.5,54.9,24.6,3,,78.4,43.3,35.3,5.6
"Omaha, Nebraska",72.9,50.8,20.5,5,,56.8,29.7,35.1,0
"Philadelphia, Pennsylvania",68.8,45.8,30.3,11.5,,(NA),(NA),(NA),(NA)
"Phoenix, Arizona",76.8,40.9,23.4,4.4,,78.5,31.6,28.1,6.1
"Portland, Oregon",72.7,38.4,29.7,15,,84.4,35.2,39.6,22
"Sacramento, California",81.1,49.2,21.6,6.9,,(NA),(NA),(NA),(NA)
"Salt Lake City, Utah",60,31.7,15.4,7.7,,75.5,29.1,19.4,8.7
"San Antonio, Texas",65.2,41.9,30.5,9.1,,(NA),(NA),(NA),(NA)
"San Diego, California",71.2,41,10.3,5.1,,72.6,29.1,15.2,8.7
"San Jose, California",63.7,35.4,12.9,3.1,,72.8,29.1,10.1,3.4
"Seattle, Washington",69.4,37.2,36.6,6.8,,(NA),(NA),(NA),(NA)
"Spokane, Wwashington",70.4,43.6,14.8,8.4,,(NA),(NA),(NA),(NA)
"St Louis, Missouri",(NA),(NA),(NA),(NA),,(NA),(NA),(NA),(NA)
"Tucson, Arizona",76.4,44.1,42.5,4.2,,73.2,29,40,9.7
"Washington, District of Columbia",65.8,37.4,26.5,9.8,,66.7,29.1,30.9,10.9
,,,,,,,,,
,,,,,,,,,
"Source: U.S. National Institute of Justice,",,,,,,,,,
"ADAM 2003 Annual Report on Drug Use Among Adult and Juvenile Arrestees, June 2004",,,,,,,,,
